first_name,last_name,personal_email,work_email,hire_date,status,dni,cuil,birth_date,phone,nationality,marital_status,address,city,postal_code,country,education_level,education_title,languages,job_title,seniority_level,legal_entity_name,department_name,manager_email,emergency_contact_relationship,emergency_contact_first_name,emergency_contact_last_name,emergency_contact_phone,emergency_contact_address,is_studying
Juan,Pérez,juan.perez@gmail.com,juan.perez@pow.com,2020-03-15,active,12345678,20-12345678-9,1990-05-20,+54 11 1234-5678,Argentina,single,Av. Corrientes 1234,Buenos Aires,C1043AAZ,Argentina,university,Licenciado en Sistemas,Español (nativo) Inglés (avanzado),Software Engineer,2.3,Pow Labs,Engineering,guido@pow.com,Madre,María,Pérez,+54 11 9876-5432,Av. Rivadavia 5678 Buenos Aires,false
María,González,maria.gonzalez@gmail.com,maria.gonzalez@pow.com,2021-06-01,active,23456789,27-23456789-0,1992-11-10,+54 11 2345-6789,Argentina,married,Calle Florida 456,Buenos Aires,C1005AAJ,Argentina,postgraduate,MBA,Español (nativo) Inglés (nativo) Portugués (intermedio),Product Manager,3.2,Pow Labs,Product,guido@pow.com,Esposo,Carlos,López,+54 11 8765-4321,Belgrano CABA,true
Pedro,Rodríguez,pedro.rodriguez@gmail.com,pedro.rodriguez@pow.com,2022-01-10,active,34567890,20-34567890-1,1995-08-25,+54 11 3456-7890,Argentina,single,San Martín 789,Córdoba,X5000,Argentina,university,Diseñador Gráfico,Español (nativo) Inglés (intermedio),UX Designer,2.1,Pow Labs,Design,,Padre,Roberto,Rodríguez,+54 351 123-4567,Córdoba Capital,false
